{"cameraMode":{"drawMode":0,"name":"Shaded","section":"Shading Mode"},"sceneLighting":false,"audioPlay":false,"sceneViewState":{"m_AlwaysRefresh":false,"showFog":true,"showSkybox":true,"showFlares":true,"showImageEffects":true,"showParticleSystems":true,"showVisualEffectGraphs":true,"m_FxEnabled":true},"in2DMode":false,"pivot":{"x":24.734119415283204,"y":13.806121826171875,"z":2.1399784088134767},"rotation":{"x":0.15526384115219117,"y":0.5706820487976074,"z":-0.11094076186418534,"w":0.7987098097801209},"size":22.661365509033204,"orthographic":false}